{"cameraMode":{"drawMode":7,"name":"Mipmaps","section":"Miscellaneous"},"sceneLighting":true,"audioPlay":false,"sceneViewState":{"showFog":false,"showMaterialUpdate":false,"showSkybox":false,"showFlares":false,"showImageEffects":false,"showParticleSystems":false},"in2DMode":false,"pivot":{"x":2.4038197994232179,"y":2.5743513107299806,"z":4.677257061004639},"rotation":{"x":0.09447117149829865,"y":0.8333317041397095,"z":-0.1503501683473587,"w":0.5236144065856934},"size":2.5831387042999269,"orthographic":false}